Entity ID,Asym ID,Auth Asym ID,Ligand ID,Ligand Formula,Ligand MW,Ligand Name,InChI,InChI Key,Ligand SMILES,Ligand of Interest,
"4RSP_1"
"4YLU_1","E, H, K, M","A, B, C, D","R30","C22 H21 N5 O2 S",419.499,"N-{4-[(1H-benzotriazol-1-ylacetyl)(thiophen-3-ylmethyl)amino]phenyl}propanamide","InChI=1S/C22H21N5O2S/c1-2-21(28)23-17-7-9-18(10-8-17)26(13-16-11-12-30-15-16)22(29)14-27-20-6-4-3-5-19(20)24-25-27/h3-12,15H,2,13-14H2,1H3,(H,23,28)","TWIVXCFEBRGEKY-UHFFFAOYSA-N","CCC(=O)Nc1ccc(cc1)N(Cc2ccsc2)C(=O)Cn3c4ccccc4nn3"
,"F, G, I, J, L, N","A, B, C, D","ACT","C2 H3 O2",59.044,"ACETATE ION","InChI=1S/C2H4O2/c1-2(3)4/h1H3,(H,3,4)/p-1","QTBSBXVTEAMEQO-UHFFFAOYSA-M","CC(=O)[O-]"
"5C3N_1"
"5WKJ_1","B, C","A","CA","Ca",40.078,"CALCIUM ION","InChI=1S/Ca/q+2","BHPQYMZQTOCNFJ-UHFFFAOYSA-N","[Ca+2]"
,"D","A","B1S","C21 H31 N3 O8 S",485.551,"(1R,2S)-2-({N-[(benzyloxy)carbonyl]-L-leucyl}amino)-1-hydroxy-3-[(3S)-2-oxopyrrolidin-3-yl]propane-1-sulfonic acid","InChI=1S/C21H31N3O8S/c1-13(2)10-16(24-21(28)32-12-14-6-4-3-5-7-14)19(26)23-17(20(27)33(29,30)31)11-15-8-9-22-18(15)25/h3-7,13,15-17,20,27H,8-12H2,1-2H3,(H,22,25)(H,23,26)(H,24,28)(H,29,30,31)/t15-,16-,17-,20+/m0/s1","BSPZFJDYQHDZNR-OGNFBWPZSA-N","CC(C)CC(C(=O)NC(CC1CCNC1=O)C(O)S(=O)(=O)O)NC(=O)OCc2ccccc2"
,"E","A","K36","C21 H31 N3 O8 S",485.551,"(1S,2S)-2-({N-[(benzyloxy)carbonyl]-L-leucyl}amino)-1-hydroxy-3-[(3S)-2-oxopyrrolidin-3-yl]propane-1-sulfonic acid","InChI=1S/C21H31N3O8S/c1-13(2)10-16(24-21(28)32-12-14-6-4-3-5-7-14)19(26)23-17(20(27)33(29,30)31)11-15-8-9-22-18(15)25/h3-7,13,15-17,20,27H,8-12H2,1-2H3,(H,22,25)(H,23,26)(H,24,28)(H,29,30,31)/t15-,16-,17-,20?/m0/s1","BSPZFJDYQHDZNR-HTCLRFROSA-N","CC(C)CC(C(=O)NC(CC1CCNC1=O)C(O)S(=O)(=O)O)NC(=O)OCc2ccccc2"
"5WKK_1","B","A","PG4","C8 H18 O5",194.226,"TETRAETHYLENE GLYCOL","InChI=1S/C8H18O5/c9-1-3-11-5-7-13-8-6-12-4-2-10/h9-10H,1-8H2","UWHCKJMYHZGTIT-UHFFFAOYSA-N","C(COCCOCCOCCO)O"
,"C","A","MG","Mg",24.305,"MAGNESIUM ION","InChI=1S/Mg/q+2","JLVVSXFLKOJNIY-UHFFFAOYSA-N","[Mg+2]"
,"D","A","AW4","C22 H32 Cl N3 O8 S",534.023,"(1S,2S)-2-[(N-{[2-(3-chlorophenyl)ethoxy]carbonyl}-L-leucyl)amino]-1-hydroxy-3-[(3S)-2-oxopyrrolidin-3-yl]propane-1-sulfonic acid","InChI=1S/C22H32ClN3O8S/c1-13(2)10-17(26-22(30)34-9-7-14-4-3-5-16(23)11-14)20(28)25-18(21(29)35(31,32)33)12-15-6-8-24-19(15)27/h3-5,11,13,15,17-18,21,29H,6-10,12H2,1-2H3,(H,24,27)(H,25,28)(H,26,30)(H,31,32,33)/t15-,17-,18-,21-/m0/s1","OKWOXOSOFIECOU-DBSRCYSRSA-N","CC(C)CC(C(=O)NC(CC1CCNC1=O)C(O)S(=O)(=O)O)NC(=O)OCCc2cccc(c2)Cl"
,"E","A","B3G","C22 H32 Cl N3 O8 S",534.023,"(1R,2S)-2-[(N-{[2-(3-chlorophenyl)ethoxy]carbonyl}-L-leucyl)amino]-1-hydroxy-3-[(3S)-2-oxopyrrolidin-3-yl]propane-1-sulfonic acid","InChI=1S/C22H32ClN3O8S/c1-13(2)10-17(26-22(30)34-9-7-14-4-3-5-16(23)11-14)20(28)25-18(21(29)35(31,32)33)12-15-6-8-24-19(15)27/h3-5,11,13,15,17-18,21,29H,6-10,12H2,1-2H3,(H,24,27)(H,25,28)(H,26,30)(H,31,32,33)/t15-,17-,18-,21+/m0/s1","OKWOXOSOFIECOU-QUJKESNLSA-N","CC(C)CC(C(=O)NC(CC1CCNC1=O)C(O)S(=O)(=O)O)NC(=O)OCCc2cccc(c2)Cl"
"5WKL_1","B","A","AVY","C31 H48 N4 O10 S",668.799,"(1R,2S)-2-{[N-({[4-benzyl-1-(tert-butoxycarbonyl)piperidin-4-yl]oxy}carbonyl)-L-leucyl]amino}-1-hydroxy-3-[(3S)-2-oxopyrrolidin-3-yl]propane-1-sulfonic acid","InChI=1S/C31H48N4O10S/c1-20(2)17-23(26(37)33-24(27(38)46(41,42)43)18-22-11-14-32-25(22)36)34-28(39)44-31(19-21-9-7-6-8-10-21)12-15-35(16-13-31)29(40)45-30(3,4)5/h6-10,20,22-24,27,38H,11-19H2,1-5H3,(H,32,36)(H,33,37)(H,34,39)(H,41,42,43)/t22-,23-,24-,27+/m0/s1","PJEUBFINPIVQHS-IPVQETTRSA-N","CC(C)CC(C(=O)NC(CC1CCNC1=O)C(O)S(=O)(=O)O)NC(=O)OC2(CCN(CC2)C(=O)OC(C)(C)C)Cc3ccccc3"
,"C","A","B3J","C31 H48 N4 O10 S",668.799,"(1S,2S)-2-{[N-({[4-benzyl-1-(tert-butoxycarbonyl)piperidin-4-yl]oxy}carbonyl)-L-leucyl]amino}-1-hydroxy-3-[(3S)-2-oxopyrrolidin-3-yl]propane-1-sulfonic acid","InChI=1S/C31H48N4O10S/c1-20(2)17-23(26(37)33-24(27(38)46(41,42)43)18-22-11-14-32-25(22)36)34-28(39)44-31(19-21-9-7-6-8-10-21)12-15-35(16-13-31)29(40)45-30(3,4)5/h6-10,20,22-24,27,38H,11-19H2,1-5H3,(H,32,36)(H,33,37)(H,34,39)(H,41,42,43)/t22-,23-,24-,27-/m0/s1","PJEUBFINPIVQHS-TTZMFTMZSA-N","CC(C)CC(C(=O)NC(CC1CCNC1=O)C(O)S(=O)(=O)O)NC(=O)OC2(CCN(CC2)C(=O)OC(C)(C)C)Cc3ccccc3"
"5WKM_1","B","A","N02","C26 H46 N4 O10 S",606.729,"(1S,2S)-2-{[N-({[1-(tert-butoxycarbonyl)-4-ethylpiperidin-4-yl]oxy}carbonyl)-L-leucyl]amino}-1-hydroxy-3-[(3S)-2-oxopyrrolidin-3-yl]propane-1-sulfonic acid","InChI=1S/C26H46N4O10S/c1-7-26(9-12-30(13-10-26)24(35)40-25(4,5)6)39-23(34)29-18(14-16(2)3)21(32)28-19(22(33)41(36,37)38)15-17-8-11-27-20(17)31/h16-19,22,33H,7-15H2,1-6H3,(H,27,31)(H,28,32)(H,29,34)(H,36,37,38)/t17-,18-,19-,22-/m0/s1","XQPCHNVZRFSEQT-OZIGNCPNSA-N","CCC1(CCN(CC1)C(=O)OC(C)(C)C)OC(=O)NC(CC(C)C)C(=O)NC(CC2CCNC2=O)C(O)S(=O)(=O)O"
,"C","A","B6Y","C26 H46 N4 O10 S",606.729,"(1R,2S)-2-{[N-({[1-(tert-butoxycarbonyl)-4-ethylpiperidin-4-yl]oxy}carbonyl)-L-leucyl]amino}-1-hydroxy-3-[(3S)-2-oxopyrrolidin-3-yl]propane-1-sulfonic acid","InChI=1S/C26H46N4O10S/c1-7-26(9-12-30(13-10-26)24(35)40-25(4,5)6)39-23(34)29-18(14-16(2)3)21(32)28-19(22(33)41(36,37)38)15-17-8-11-27-20(17)31/h16-19,22,33H,7-15H2,1-6H3,(H,27,31)(H,28,32)(H,29,34)(H,36,37,38)/t17-,18-,19-,22+/m0/s1","XQPCHNVZRFSEQT-ZVVDCOBXSA-N","CCC1(CCN(CC1)C(=O)OC(C)(C)C)OC(=O)NC(CC(C)C)C(=O)NC(CC2CCNC2=O)C(O)S(=O)(=O)O"
"6VGY_1","C, D","A, B","QZJ","C22 H39 N3 O5",425.562,"N~2~-{[(trans-4-ethylcyclohexyl)oxy]carbonyl}-N-{(2S)-1-hydroxy-3-[(3S)-2-oxopyrrolidin-3-yl]propan-2-yl}-L-leucinamide","InChI=1S/C22H39N3O5/c1-4-15-5-7-18(8-6-15)30-22(29)25-19(11-14(2)3)21(28)24-17(13-26)12-16-9-10-23-20(16)27/h14-19,26H,4-13H2,1-3H3,(H,23,27)(H,24,28)(H,25,29)/t15-,16-,17-,18-,19-/m0/s1","FKEFWVPHLKQZHR-VMXHOPILSA-N","CCC1CCC(CC1)OC(=O)NC(CC(C)C)C(=O)NC(CC2CCNC2=O)CO","Y"
"6VGZ_1","C, D","A, B","QZG","C23 H41 N3 O5",439.589,"N-{(2S)-1-hydroxy-3-[(3S)-2-oxopyrrolidin-3-yl]propan-2-yl}-N~2~-({[trans-4-(propan-2-yl)cyclohexyl]oxy}carbonyl)-L-leucinamide","InChI=1S/C23H41N3O5/c1-14(2)11-20(22(29)25-18(13-27)12-17-9-10-24-21(17)28)26-23(30)31-19-7-5-16(6-8-19)15(3)4/h14-20,27H,5-13H2,1-4H3,(H,24,28)(H,25,29)(H,26,30)/t16-,17-,18-,19-,20-/m0/s1","SPCFKQMKRNNPLF-HVTWWXFQSA-N","CC(C)CC(C(=O)NC(CC1CCNC1=O)CO)NC(=O)OC2CCC(CC2)C(C)C","Y"
"6VH0_1","C, D","A, B","QZD","C20 H35 N3 O7",429.508,"N~2~-{[(5-ethyl-1,3-dioxan-5-yl)oxy]carbonyl}-N-{(2S)-1-hydroxy-3-[(3S)-2-oxopyrrolidin-3-yl]propan-2-yl}-L-leucinamide","InChI=1S/C20H35N3O7/c1-4-20(10-28-12-29-11-20)30-19(27)23-16(7-13(2)3)18(26)22-15(9-24)8-14-5-6-21-17(14)25/h13-16,24H,4-12H2,1-3H3,(H,21,25)(H,22,26)(H,23,27)/t14-,15-,16-/m0/s1","CIPOPMFGDDGOBO-JYJNAYRXSA-N","CCC1(COCOC1)OC(=O)NC(CC(C)C)C(=O)NC(CC2CCNC2=O)CO","Y"
"6VH1_1","C, D","A, B","QZ7","C20 H33 F2 N3 O5",433.49,"N~2~-{[(4,4-difluorocyclohexyl)oxy]carbonyl}-N-{(2S)-1-hydroxy-3-[(3S)-2-oxopyrrolidin-3-yl]propan-2-yl}-L-leucinamide","InChI=1S/C20H33F2N3O5/c1-12(2)9-16(25-19(29)30-15-3-6-20(21,22)7-4-15)18(28)24-14(11-26)10-13-5-8-23-17(13)27/h12-16,26H,3-11H2,1-2H3,(H,23,27)(H,24,28)(H,25,29)/t13-,14-,16-/m0/s1","HMCDMSXQVSNUNZ-DZKIICNBSA-N","CC(C)CC(C(=O)NC(CC1CCNC1=O)CO)NC(=O)OC2CCC(CC2)(F)F","Y"
"6VH2_1","C, D","A, B","QZ4","C23 H37 F2 N3 O5",473.554,"4,4-difluorocyclohexyl [(2S)-3-cyclohexyl-1-({(2S)-1-hydroxy-3-[(3S)-2-oxopyrrolidin-3-yl]propan-2-yl}amino)-1-oxopropan-2-yl]carbamate","InChI=1S/C23H37F2N3O5/c24-23(25)9-6-18(7-10-23)33-22(32)28-19(12-15-4-2-1-3-5-15)21(31)27-17(14-29)13-16-8-11-26-20(16)30/h15-19,29H,1-14H2,(H,26,30)(H,27,31)(H,28,32)/t16-,17-,19-/m0/s1","WERUFESDSMNWQU-LNLFQRSKSA-N","C1CCC(CC1)CC(C(=O)NC(CC2CCNC2=O)CO)NC(=O)OC3CCC(CC3)(F)F","Y"
"6VH3_1","C, D","A, B","QYS","C21 H35 F2 N3 O8 S",527.58,"(1S,2S)-2-[(N-{[(4,4-difluorocyclohexyl)methoxy]carbonyl}-L-leucyl)amino]-1-hydroxy-3-[(3S)-2-oxopyrrolidin-3-yl]propane-1-sulfonic acid","InChI=1S/C21H35F2N3O8S/c1-12(2)9-15(26-20(30)34-11-13-3-6-21(22,23)7-4-13)18(28)25-16(19(29)35(31,32)33)10-14-5-8-24-17(14)27/h12-16,19,29H,3-11H2,1-2H3,(H,24,27)(H,25,28)(H,26,30)(H,31,32,33)/t14-,15-,16-,19?/m0/s1","BHZBRFONZANPNK-ZYHFAYPJSA-N","CC(C)CC(C(=O)NC(CC1CCNC1=O)C(O)S(=O)(=O)O)NC(=O)OCC2CCC(CC2)(F)F","Y"
"7ENE_1","E, F, G, H","A, B, C, D","J7R","C24 H24 Br N5 O4",526.382,"~{N}-[(1~{S},2~{R})-2-[[4-bromanyl-2-(methylcarbamoyl)-6-nitro-phenyl]amino]cyclohexyl]isoquinoline-4-carboxamide","InChI=1S/C24H24BrN5O4/c1-26-23(31)17-10-15(25)11-21(30(33)34)22(17)28-19-8-4-5-9-20(19)29-24(32)18-13-27-12-14-6-2-3-7-16(14)18/h2-3,6-7,10-13,19-20,28H,4-5,8-9H2,1H3,(H,26,31)(H,29,32)/t19-,20+/m1/s1","BPLNOSFMIIASSJ-UXHICEINSA-N","CNC(=O)c1cc(cc(c1NC2CCCCC2NC(=O)c3cncc4c3cccc4)N(=O)=O)Br","Y"
"7T3Y_1","C, E","A, B","F5L","C26 H44 N4 O9 S",588.714,"(1R,2S)-1-hydroxy-2-{[N-({[7-(2-methylpropanoyl)-7-azaspiro[3.5]nonan-2-yl]oxy}carbonyl)-L-leucyl]amino}-3-[(3S)-2-oxopyrrolidin-3-yl]propane-1-sulfonic acid","InChI=1S/C26H44N4O9S/c1-15(2)11-19(22(32)28-20(24(34)40(36,37)38)12-17-5-8-27-21(17)31)29-25(35)39-18-13-26(14-18)6-9-30(10-7-26)23(33)16(3)4/h15-20,24,34H,5-14H2,1-4H3,(H,27,31)(H,28,32)(H,29,35)(H,36,37,38)/t17-,19-,20-,24+/m0/s1","SQVQHYGKQGMSJR-TYZOXTDXSA-N","CC(C)CC(C(=O)NC(CC1CCNC1=O)C(O)S(=O)(=O)O)NC(=O)OC2CC3(C2)CCN(CC3)C(=O)C(C)C","Y"
,"D, F","A, B","F8C","C26 H44 N4 O9 S",588.714,"(1S,2S)-1-hydroxy-2-{[N-({[7-(2-methylpropanoyl)-7-azaspiro[3.5]nonan-2-yl]oxy}carbonyl)-L-leucyl]amino}-3-[(3S)-2-oxopyrrolidin-3-yl]propane-1-sulfonic acid","InChI=1S/C26H44N4O9S/c1-15(2)11-19(22(32)28-20(24(34)40(36,37)38)12-17-5-8-27-21(17)31)29-25(35)39-18-13-26(14-18)6-9-30(10-7-26)23(33)16(3)4/h15-20,24,34H,5-14H2,1-4H3,(H,27,31)(H,28,32)(H,29,35)(H,36,37,38)/t17-,19-,20-,24-/m0/s1","SQVQHYGKQGMSJR-CDSYHYPYSA-N","CC(C)CC(C(=O)NC(CC1CCNC1=O)C(O)S(=O)(=O)O)NC(=O)OC2CC3(C2)CCN(CC3)C(=O)C(C)C","Y"
"7T3Z_1","C, E","A, B","FHS","C30 H44 N4 O9 S",636.757,"(1S,2S)-1-hydroxy-3-[(3S)-2-oxopyrrolidin-3-yl]-2-{[N-({[7-(phenylacetyl)-7-azaspiro[3.5]nonan-2-yl]oxy}carbonyl)-L-leucyl]amino}propane-1-sulfonic acid","InChI=1S/C30H44N4O9S/c1-19(2)14-23(27(37)32-24(28(38)44(40,41)42)16-21-8-11-31-26(21)36)33-29(39)43-22-17-30(18-22)9-12-34(13-10-30)25(35)15-20-6-4-3-5-7-20/h3-7,19,21-24,28,38H,8-18H2,1-2H3,(H,31,36)(H,32,37)(H,33,39)(H,40,41,42)/t21-,23-,24-,28-/m0/s1","YKVWDIALSLITCN-GLIKCIFVSA-N","CC(C)CC(C(=O)NC(CC1CCNC1=O)C(O)S(=O)(=O)O)NC(=O)OC2CC3(C2)CCN(CC3)C(=O)Cc4ccccc4","Y"
,"D, F","A, B","FEY","C30 H44 N4 O9 S",636.757,"(1R,2S)-2-{[N-({[(2r,4R)-7-acetyl-7-azaspiro[3.5]non-5-en-2-yl]oxy}carbonyl)-L-leucyl]amino}-1-hydroxy-3-[(3S)-2-oxopyrrolidin-3-yl]propane-1-sulfonic acid","InChI=1S/C30H44N4O9S/c1-19(2)14-23(27(37)32-24(28(38)44(40,41)42)16-21-8-11-31-26(21)36)33-29(39)43-22-17-30(18-22)9-12-34(13-10-30)25(35)15-20-6-4-3-5-7-20/h3-7,19,21-24,28,38H,8-18H2,1-2H3,(H,31,36)(H,32,37)(H,33,39)(H,40,41,42)/t21-,23-,24-,28+/m0/s1","YKVWDIALSLITCN-YZIKFRCASA-N","CC(C)CC(C(=O)NC(CC1CCNC1=O)C(O)S(=O)(=O)O)NC(=O)OC2CC3(C2)CCN(CC3)C(=O)Cc4ccccc4","Y"
"7T40_1","B","A","FV5","C23 H40 N4 O10 S2",596.715,"(1R,2S)-1-hydroxy-2-{[N-({[7-(methanesulfonyl)-7-azaspiro[3.5]nonan-2-yl]oxy}carbonyl)-L-leucyl]amino}-3-[(3S)-2-oxopyrrolidin-3-yl]propane-1-sulfonic acid","InChI=1S/C23H40N4O10S2/c1-14(2)10-17(20(29)25-18(21(30)39(34,35)36)11-15-4-7-24-19(15)28)26-22(31)37-16-12-23(13-16)5-8-27(9-6-23)38(3,32)33/h14-18,21,30H,4-13H2,1-3H3,(H,24,28)(H,25,29)(H,26,31)(H,34,35,36)/t15-,17-,18-,21+/m0/s1","DXHKTWBJEAVWSD-QUJKESNLSA-N","CC(C)CC(C(=O)NC(CC1CCNC1=O)C(O)S(=O)(=O)O)NC(=O)OC2CC3(C2)CCN(CC3)S(=O)(=O)C","Y"
,"C","A","FVE","C23 H40 N4 O10 S2",596.715,"(1S,2S)-1-hydroxy-2-{[N-({[7-(methanesulfonyl)-7-azaspiro[3.5]nonan-2-yl]oxy}carbonyl)-L-leucyl]amino}-3-[(3S)-2-oxopyrrolidin-3-yl]propane-1-sulfonic acid","InChI=1S/C23H40N4O10S2/c1-14(2)10-17(20(29)25-18(21(30)39(34,35)36)11-15-4-7-24-19(15)28)26-22(31)37-16-12-23(13-16)5-8-27(9-6-23)38(3,32)33/h14-18,21,30H,4-13H2,1-3H3,(H,24,28)(H,25,29)(H,26,31)(H,34,35,36)/t15-,17-,18-,21-/m0/s1","DXHKTWBJEAVWSD-DBSRCYSRSA-N","CC(C)CC(C(=O)NC(CC1CCNC1=O)C(O)S(=O)(=O)O)NC(=O)OC2CC3(C2)CCN(CC3)S(=O)(=O)C","Y"
,"D","A","PG4","C8 H18 O5",194.226,"TETRAETHYLENE GLYCOL","InChI=1S/C8H18O5/c9-1-3-11-5-7-13-8-6-12-4-2-10/h9-10H,1-8H2","UWHCKJMYHZGTIT-UHFFFAOYSA-N","C(COCCOCCOCCO)O"
"7T41_1","B","A","FWI","C23 H38 N4 O10 S",562.634,"(1R,2S)-2-{[N-({[1-(tert-butoxycarbonyl)azetidin-3-yl]methoxy}carbonyl)-L-leucyl]amino}-1-hydroxy-3-[(3R)-2-oxo-2,3-dihydro-1H-pyrrol-3-yl]propane-1-sulfonic acid","InChI=1S/C23H38N4O10S/c1-13(2)8-16(26-21(31)36-12-14-10-27(11-14)22(32)37-23(3,4)5)19(29)25-17(20(30)38(33,34)35)9-15-6-7-24-18(15)28/h6-7,13-17,20,30H,8-12H2,1-5H3,(H,24,28)(H,25,29)(H,26,31)(H,33,34,35)/t15-,16-,17-,20?/m0/s1","WDYXMIZDWOFVQK-HTCLRFROSA-N","CC(C)CC(C(=O)NC(CC1C=CNC1=O)C(O)S(=O)(=O)O)NC(=O)OCC2CN(C2)C(=O)OC(C)(C)C","Y"
,"C","A","FZI","C23 H38 N4 O10 S",562.634,"(1S,2S)-2-{[N-({[1-(tert-butoxycarbonyl)azetidin-3-yl]methoxy}carbonyl)-L-leucyl]amino}-1-hydroxy-3-[(3R)-2-oxo-2,3-dihydro-1H-pyrrol-3-yl]propane-1-sulfonic acid","InChI=1S/C23H38N4O10S/c1-13(2)8-16(26-21(31)36-12-14-10-27(11-14)22(32)37-23(3,4)5)19(29)25-17(20(30)38(33,34)35)9-15-6-7-24-18(15)28/h6-7,13-17,20,30H,8-12H2,1-5H3,(H,24,28)(H,25,29)(H,26,31)(H,33,34,35)/t15-,16-,17-,20?/m0/s1","WDYXMIZDWOFVQK-HTCLRFROSA-N","CC(C)CC(C(=O)NC(CC1C=CNC1=O)C(O)S(=O)(=O)O)NC(=O)OCC2CN(C2)C(=O)OC(C)(C)C","Y"
"7TQ7_1","B","A","IRR","C21 H35 N3 O5",409.52,"N-{(2S)-1-oxo-3-[(3S)-2-oxopyrrolidin-3-yl]propan-2-yl}-N~2~-({[(1R,2R)-2-propylcyclopropyl]methoxy}carbonyl)-L-leucinamide","InChI=1S/C21H35N3O5/c1-4-5-14-9-16(14)12-29-21(28)24-18(8-13(2)3)20(27)23-17(11-25)10-15-6-7-22-19(15)26/h11,13-18H,4-10,12H2,1-3H3,(H,22,26)(H,23,27)(H,24,28)/t14-,15+,16+,17+,18+/m1/s1","JXXLXBAHHCCJDG-FPSMNIFISA-N","CCCC1CC1COC(=O)NC(CC(C)C)C(=O)NC(CC2CCNC2=O)C=O","Y"
,"C","A","PG4","C8 H18 O5",194.226,"TETRAETHYLENE GLYCOL","InChI=1S/C8H18O5/c9-1-3-11-5-7-13-8-6-12-4-2-10/h9-10H,1-8H2","UWHCKJMYHZGTIT-UHFFFAOYSA-N","C(COCCOCCOCCO)O"
"7TQ8_1","B","A","IRK","C21 H37 N3 O8 S",491.599,"(1R,2S)-1-hydroxy-3-[(3S)-2-oxopyrrolidin-3-yl]-2-{[N-({[(1R,2S)-2-propylcyclopropyl]methoxy}carbonyl)-L-leucyl]amino}propane-1-sulfonic acid","InChI=1S/C21H37N3O8S/c1-4-5-13-9-15(13)11-32-21(28)24-16(8-12(2)3)19(26)23-17(20(27)33(29,30)31)10-14-6-7-22-18(14)25/h12-17,20,27H,4-11H2,1-3H3,(H,22,25)(H,23,26)(H,24,28)(H,29,30,31)/t13-,14-,15-,16-,17-,20+/m0/s1","ZYXQADHLOGEXOL-CLTKYUOCSA-N","CCCC1CC1COC(=O)NC(CC(C)C)C(=O)NC(CC2CCNC2=O)C(O)S(=O)(=O)O"
,"C","A","IUB","C21 H37 N3 O8 S",491.599,"(1S,2S)-1-hydroxy-3-[(3S)-2-oxopyrrolidin-3-yl]-2-{[N-({[(1R,2S)-2-propylcyclopropyl]methoxy}carbonyl)-L-leucyl]amino}propane-1-sulfonic acid","InChI=1S/C21H37N3O8S/c1-4-5-13-9-15(13)11-32-21(28)24-16(8-12(2)3)19(26)23-17(20(27)33(29,30)31)10-14-6-7-22-18(14)25/h12-17,20,27H,4-11H2,1-3H3,(H,22,25)(H,23,26)(H,24,28)(H,29,30,31)/t13-,14-,15-,16-,17-,20-/m0/s1","ZYXQADHLOGEXOL-QXKNQTRRSA-N","CCCC1CC1COC(=O)NC(CC(C)C)C(=O)NC(CC2CCNC2=O)C(O)S(=O)(=O)O"
,"D","A","PG4","C8 H18 O5",194.226,"TETRAETHYLENE GLYCOL","InChI=1S/C8H18O5/c9-1-3-11-5-7-13-8-6-12-4-2-10/h9-10H,1-8H2","UWHCKJMYHZGTIT-UHFFFAOYSA-N","C(COCCOCCOCCO)O"
"8CZT_1","B","A","P8L","C24 H42 N3 O8 S",532.671,"[(1~{S},2~{R})-2-cyclohexylcyclopropyl]methyl ~{N}-[(2~{S})-1-[[(1~{R},2~{S})-1-[bis(oxidanyl)-oxidanylidene-$l^{5}-sulfanyl]-1-oxidanyl-3-[(3~{S})-2-oxidanylidenepyrrolidin-3-yl]propan-2-yl]amino]-4-methyl-1-oxidanylidene-pentan-2-yl]carbamate","InChI=1S/C24H40N3O8S/c1-14(2)10-19(27-24(31)35-13-17-11-18(17)15-6-4-3-5-7-15)22(29)26-20(23(30)36(32,33)34)12-16-8-9-25-21(16)28/h14-20,23,30H,3-13H2,1-2H3,(H3-2,25,26,27,28,29,31,32,33,34)/q-1/p+2/t16-,17+,18+,19-,20-,23+/m0/s1","BNNIGFVXMNVYNU-HUWCRECTSA-P","CC(C)CC(C(=O)NC(CC1CCNC1=O)C(O)[S+](=O)(O)O)NC(=O)OCC2CC2C3CCCCC3","Y"
"8CZU_1","B","A","P9R","C25 H42 N3 O8 S",544.681,"[(1~{S},2~{S})-2-(cyclohexylmethyl)cyclopropyl]methyl ~{N}-[(2~{S})-1-[[(2~{S})-1-[bis(oxidanyl)-oxidanylidene-$l^{5}-sulfanyl]-1-oxidanyl-3-[(3~{R})-2-oxidanylidene-3,4-dihydropyrrol-3-yl]propan-2-yl]amino]-4-methyl-1-oxidanylidene-pentan-2-yl]carbamate","InChI=1S/C25H40N3O8S/c1-15(2)10-20(28-25(32)36-14-19-12-18(19)11-16-6-4-3-5-7-16)23(30)27-21(24(31)37(33,34)35)13-17-8-9-26-22(17)29/h9,15-21,24,31H,3-8,10-14H2,1-2H3,(H2-2,27,28,30,32,33,34,35)/q-1/p+2/t17-,18-,19+,20-,21-,24+/m0/s1","UNYDBHQZGVQZAY-KAXVZBFOSA-P","CC(C)CC(C(=O)NC(CC1CC=NC1=O)C(O)[S+](=O)(O)O)NC(=O)OCC2CC2CC3CCCCC3","Y"
"8CZV_1","B","A","P8C","C24 H40 F2 N3 O8 S",568.652,"[(1~{S},2~{R})-2-[4,4-bis(fluoranyl)cyclohexyl]cyclopropyl]methyl ~{N}-[(2~{S})-1-[[(1~{R},2~{S})-1-[bis(oxidanyl)-oxidanylidene-$l^{5}-sulfanyl]-1-oxidanyl-3-[(3~{S})-2-oxidanylidenepyrrolidin-3-yl]propan-2-yl]amino]-4-methyl-1-oxidanylidene-pentan-2-yl]carbamate","InChI=1S/C24H38F2N3O8S/c1-13(2)9-18(21(31)28-19(22(32)38(34,35)36)11-15-5-8-27-20(15)30)29-23(33)37-12-16-10-17(16)14-3-6-24(25,26)7-4-14/h13-19,22,32H,3-12H2,1-2H3,(H3-2,27,28,29,30,31,33,34,35,36)/q-1/p+2/t15-,16+,17+,18-,19-,22+/m0/s1","ACNPODIUBZVYHB-PGIRCJHISA-P","CC(C)CC(C(=O)NC(CC1CCNC1=O)C(O)[S+](=O)(O)O)NC(=O)OCC2CC2C3CCC(CC3)(F)F","Y"
,"C","A","PJR","C24 H40 F2 N3 O8 S",568.652,"[(1~{S},2~{R})-2-[4,4-bis(fluoranyl)cyclohexyl]cyclopropyl]methyl ~{N}-[(2~{S})-1-[[(1~{S},2~{S})-1-[bis(oxidanyl)-oxidanylidene-$l^{5}-sulfanyl]-1-oxidanyl-3-[(3~{S})-2-oxidanylidenepyrrolidin-3-yl]propan-2-yl]amino]-4-methyl-1-oxidanylidene-pentan-2-yl]carbamate","InChI=1S/C24H38F2N3O8S/c1-13(2)9-18(21(31)28-19(22(32)38(34,35)36)11-15-5-8-27-20(15)30)29-23(33)37-12-16-10-17(16)14-3-6-24(25,26)7-4-14/h13-19,22,32H,3-12H2,1-2H3,(H3-2,27,28,29,30,31,33,34,35,36)/q-1/p+2/t15-,16+,17+,18-,19-,22-/m0/s1","ACNPODIUBZVYHB-WUOGMODZSA-P","CC(C)CC(C(=O)NC(CC1CCNC1=O)C(O)[S+](=O)(O)O)NC(=O)OCC2CC2C3CCC(CC3)(F)F"
"8DGY_1","B","A","S9U","C25 H44 N3 O8 S",546.697,"[(1~{R},2~{R})-2-(cyclohexylmethyl)cyclopropyl]methyl ~{N}-[(2~{S})-1-[[(1~{S},2~{S})-1-[bis(oxidanyl)-oxidanylidene-$l^{5}-sulfanyl]-1-oxidanyl-3-[(3~{S})-2-oxidanylidenepyrrolidin-3-yl]propan-2-yl]amino]-4-methyl-1-oxidanylidene-pentan-2-yl]carbamate","InChI=1S/C25H43N3O8S/c1-15(2)10-20(28-25(32)36-14-19-12-18(19)11-16-6-4-3-5-7-16)23(30)27-21(24(31)37(33,34)35)13-17-8-9-26-22(17)29/h15-21,24,31H,3-14H2,1-2H3,(H4-,26,27,28,29,30,32,33,34,35)/p+1/t17-,18+,19-,20-,21-,24-/m0/s1","PBWNADCYPGWHEB-IKEPQGCXSA-O","CC(C)CC(C(=O)NC(CC1CCNC1=O)C(O)[S+](=O)(O)O)NC(=O)OCC2CC2CC3CCCCC3","Y"
,"C","A","SD6","C25 H44 N3 O8 S",546.697,"[(1~{R},2~{R})-2-(cyclohexylmethyl)cyclopropyl]methyl ~{N}-[(2~{S})-1-[[(1~{R},2~{S})-1-[bis(oxidanyl)-oxidanylidene-$l^{5}-sulfanyl]-1-oxidanyl-3-[(3~{S})-2-oxidanylidenepyrrolidin-3-yl]propan-2-yl]amino]-4-methyl-1-oxidanylidene-pentan-2-yl]carbamate","InChI=1S/C25H43N3O8S/c1-15(2)10-20(28-25(32)36-14-19-12-18(19)11-16-6-4-3-5-7-16)23(30)27-21(24(31)37(33,34)35)13-17-8-9-26-22(17)29/h15-21,24,31H,3-14H2,1-2H3,(H4-,26,27,28,29,30,32,33,34,35)/p+1/t17-,18+,19-,20-,21-,24+/m0/s1","PBWNADCYPGWHEB-UEYTUVLBSA-O","CC(C)CC(C(=O)NC(CC1CCNC1=O)C(O)[S+](=O)(O)O)NC(=O)OCC2CC2CC3CCCCC3"
"8E6B_1","C, E","A, B","URR","C24 H37 N3 O9 S2",575.695,"N~2~-(ethoxycarbonyl)-N-{(1S,2S)-1-hydroxy-3-[(3S)-2-oxopyrrolidin-3-yl]-1-sulfanylpropan-2-yl}-L-leucinamide","InChI=1S/C24H37N3O9S2/c1-15(2)12-18(27-23(31)36-14-24(3,4)37(32)17-8-6-5-7-9-17)21(29)26-19(22(30)38(33,34)35)13-16-10-11-25-20(16)28/h5-9,15-16,18-19,22,30H,10-14H2,1-4H3,(H,25,28)(H,26,29)(H,27,31)(H,33,34,35)/t16-,18-,19-,22-,37?/m0/s1","SNFBJKJTJOFDKW-JGGWQLOYSA-N","CC(C)CC(C(=O)NC(CC1CCNC1=O)C(O)S(=O)(=O)O)NC(=O)OCC(C)(C)S(=O)c2ccccc2"
,"D, F","A, B","UO9","C24 H37 N3 O9 S2",575.695,"(2~{S})-2-[[(2~{S})-4-methyl-2-[[2-methyl-2-[oxidanyl(phenyl)-$l^{3}-sulfanyl]propoxy]carbonylamino]pentanoyl]amino]-1-oxidanyl-3-[(3~{S})-2-oxidanylidenepyrrolidin-3-yl]propane-1-sulfonic acid","InChI=1S/C24H37N3O9S2/c1-15(2)12-18(27-23(31)36-14-24(3,4)37(32)17-8-6-5-7-9-17)21(29)26-19(22(30)38(33,34)35)13-16-10-11-25-20(16)28/h5-9,15-16,18-19,22,30H,10-14H2,1-4H3,(H,25,28)(H,26,29)(H,27,31)(H,33,34,35)/t16-,18-,19-,22+,37-/m0/s1","SNFBJKJTJOFDKW-NRANLDPGSA-N","CC(C)CC(C(=O)NC(CC1CCNC1=O)C(O)S(=O)(=O)O)NC(=O)OCC(C)(C)S(=O)c2ccccc2"
"8E6C_1","B","A","UTU","C24 H36 F N3 O8 S2",577.686,"[2-(3-fluorophenyl)sulfanyl-2-methyl-propyl] ~{N}-[(2~{S})-1-[[3-[(3~{S})-2-$l^{3}-oxidanylidenepyrrolidin-3-yl]-1-$l^{1}-oxidanylsulfonyl-1-oxidanyl-propan-2-yl]-$l^{2}-azanyl]-4-methyl-1-oxidanylidene-pentan-2-yl]carbamate","InChI=1S/C24H36FN3O8S2/c1-14(2)10-18(28-23(32)36-13-24(3,4)37-17-7-5-6-16(25)12-17)21(30)27-19(22(31)38(33,34)35)11-15-8-9-26-20(15)29/h5-7,12,14-15,18-19,22,31H,8-11,13H2,1-4H3,(H,26,29)(H,27,30)(H,28,32)(H,33,34,35)/t15-,18-,19-,22+/m0/s1","NFWHYSIWTLKADL-SXTKRDDTSA-N","CC(C)CC(C(=O)NC(CC1CCNC1=O)C(O)S(=O)(=O)O)NC(=O)OCC(C)(C)Sc2cccc(c2)F","Y"
"8E6D_1","B","A","UTL","C24 H36 F N3 O8 S2",577.686,"(1R,2S)-2-{[N-({2-[(4-fluorophenyl)sulfanyl]-2-methylpropoxy}carbonyl)-L-leucyl]amino}-1-hydroxy-3-[(3S)-2-oxopyrrolidin-3-yl]propane-1-sulfonic acid","InChI=1S/C24H36FN3O8S2/c1-14(2)11-18(28-23(32)36-13-24(3,4)37-17-7-5-16(25)6-8-17)21(30)27-19(22(31)38(33,34)35)12-15-9-10-26-20(15)29/h5-8,14-15,18-19,22,31H,9-13H2,1-4H3,(H,26,29)(H,27,30)(H,28,32)(H,33,34,35)/t15-,18-,19-,22+/m0/s1","RNLOCKQDGJKCGN-SXTKRDDTSA-N","CC(C)CC(C(=O)NC(CC1CCNC1=O)C(O)S(=O)(=O)O)NC(=O)OCC(C)(C)Sc2ccc(cc2)F","Y"
"8E6E_1","B","A","UUR","C22 H33 N3 O8 S2",531.643,"2-phenylsulfanylethyl ~{N}-[(2~{S})-1-[[(1~{S},2~{S})-1-[bis(oxidanyl)-oxidanylidene-$l^{5}-sulfanyl]-1-oxidanyl-3-[(3~{S})-2-oxidanylidenepyrrolidin-3-yl]propan-2-yl]amino]-4-methyl-1-oxidanylidene-pentan-2-yl]carbamate","InChI=1S/C22H33N3O8S2/c1-14(2)12-17(25-22(29)33-10-11-34-16-6-4-3-5-7-16)20(27)24-18(21(28)35(30,31)32)13-15-8-9-23-19(15)26/h3-7,14-15,17-18,21,28H,8-13H2,1-2H3,(H,23,26)(H,24,27)(H,25,29)(H,30,31,32)/t15-,17-,18-,21-/m0/s1","AUIXPEVQDXBTHO-DBSRCYSRSA-N","CC(C)CC(C(=O)NC(CC1CCNC1=O)C(O)S(=O)(=O)O)NC(=O)OCCSc2ccccc2"
,"C","A","UV2","C22 H33 N3 O8 S2",531.643,"(1R,2S)-1-hydroxy-3-[(3S)-2-oxopyrrolidin-3-yl]-2-[(N-{[2-(phenylsulfanyl)ethoxy]carbonyl}-L-leucyl)amino]propane-1-sulfonic acid","InChI=1S/C22H33N3O8S2/c1-14(2)12-17(25-22(29)33-10-11-34-16-6-4-3-5-7-16)20(27)24-18(21(28)35(30,31)32)13-15-8-9-23-19(15)26/h3-7,14-15,17-18,21,28H,8-13H2,1-2H3,(H,23,26)(H,24,27)(H,25,29)(H,30,31,32)/t15-,17-,18-,21+/m0/s1","AUIXPEVQDXBTHO-QUJKESNLSA-N","CC(C)CC(C(=O)NC(CC1CCNC1=O)C(O)S(=O)(=O)O)NC(=O)OCCSc2ccccc2"
"8R5J_1"
"9ATA_1","C, E","A, B","A1AGG","C27 H40 N4 O9 S",596.693,"(1S,2S)-1-hydroxy-2-{[N-({[(2S)-5-oxo-1-(2-phenylethyl)pyrrolidin-2-yl]methoxy}carbonyl)-L-leucyl]amino}-3-[(3S)-2-oxopyrrolidin-3-yl]propane-1-sulfonic acid","InChI=1S/C27H40N4O9S/c1-17(2)14-21(25(34)29-22(26(35)41(37,38)39)15-19-10-12-28-24(19)33)30-27(36)40-16-20-8-9-23(32)31(20)13-11-18-6-4-3-5-7-18/h3-7,17,19-22,26,35H,8-16H2,1-2H3,(H,28,33)(H,29,34)(H,30,36)(H,37,38,39)/t19-,20-,21-,22-,26-/m0/s1","FDODUQVFBIGMCE-KAWFJRQCSA-N","CC(C)CC(C(=O)NC(CC1CCNC1=O)C(O)S(=O)(=O)O)NC(=O)OCC2CCC(=O)N2CCc3ccccc3"
,"D, F","A, B","A1AGH","C27 H40 N4 O9 S",596.693,"(1R,2S)-1-hydroxy-2-{[N-({[(2S)-5-oxo-1-(2-phenylethyl)pyrrolidin-2-yl]methoxy}carbonyl)-L-leucyl]amino}-3-[(3S)-2-oxopyrrolidin-3-yl]propane-1-sulfonic acid","InChI=1S/C27H40N4O9S/c1-17(2)14-21(25(34)29-22(26(35)41(37,38)39)15-19-10-12-28-24(19)33)30-27(36)40-16-20-8-9-23(32)31(20)13-11-18-6-4-3-5-7-18/h3-7,17,19-22,26,35H,8-16H2,1-2H3,(H,28,33)(H,29,34)(H,30,36)(H,37,38,39)/t19-,20-,21-,22-,26+/m0/s1","FDODUQVFBIGMCE-LEUUJVKFSA-N","CC(C)CC(C(=O)NC(CC1CCNC1=O)C(O)S(=O)(=O)O)NC(=O)OCC2CCC(=O)N2CCc3ccccc3"
"9ATD_1","B","A","A1AGL","C27 H46 N4 O9 S",602.741,"(1S,2S)-2-{[N-({[(2S)-1-(2-cyclohexylethyl)-5-oxopyrrolidin-2-yl]methoxy}carbonyl)-L-leucyl]amino}-1-hydroxy-3-[(3S)-2-oxopyrrolidin-3-yl]propane-1-sulfonic acid","InChI=1S/C27H46N4O9S/c1-17(2)14-21(25(34)29-22(26(35)41(37,38)39)15-19-10-12-28-24(19)33)30-27(36)40-16-20-8-9-23(32)31(20)13-11-18-6-4-3-5-7-18/h17-22,26,35H,3-16H2,1-2H3,(H,28,33)(H,29,34)(H,30,36)(H,37,38,39)/t19-,20-,21-,22-,26-/m0/s1","UKTOBRQSOYSYJK-KAWFJRQCSA-N","CC(C)CC(C(=O)NC(CC1CCNC1=O)C(O)S(=O)(=O)O)NC(=O)OCC2CCC(=O)N2CCC3CCCCC3"
,"C","A","A1AGK","C27 H46 N4 O9 S",602.741,"(1R,2S)-2-{[N-({[(2S)-1-(2-cyclohexylethyl)-5-oxopyrrolidin-2-yl]methoxy}carbonyl)-L-leucyl]amino}-1-hydroxy-3-[(3S)-2-oxopyrrolidin-3-yl]propane-1-sulfonic acid","InChI=1S/C27H46N4O9S/c1-17(2)14-21(25(34)29-22(26(35)41(37,38)39)15-19-10-12-28-24(19)33)30-27(36)40-16-20-8-9-23(32)31(20)13-11-18-6-4-3-5-7-18/h17-22,26,35H,3-16H2,1-2H3,(H,28,33)(H,29,34)(H,30,36)(H,37,38,39)/t19-,20-,21-,22-,26+/m0/s1","UKTOBRQSOYSYJK-LEUUJVKFSA-N","CC(C)CC(C(=O)NC(CC1CCNC1=O)C(O)S(=O)(=O)O)NC(=O)OCC2CCC(=O)N2CCC3CCCCC3"
"9ATE_1","C, E","A, B","A1AGN","C27 H44 N4 O9 S",600.725,"(1S,2S)-2-{[N-({[(2S)-1-{[(1S,2S,4R)-bicyclo[2.2.1]heptan-2-yl]methyl}-5-oxopyrrolidin-2-yl]methoxy}carbonyl)-L-leucyl]amino}-1-hydroxy-3-[(3S)-2-oxopyrrolidin-3-yl]propane-1-sulfonic acid","InChI=1S/C27H44N4O9S/c1-15(2)9-21(25(34)29-22(26(35)41(37,38)39)12-18-7-8-28-24(18)33)30-27(36)40-14-20-5-6-23(32)31(20)13-19-11-16-3-4-17(19)10-16/h15-22,26,35H,3-14H2,1-2H3,(H,28,33)(H,29,34)(H,30,36)(H,37,38,39)/t16-,17+,18+,19-,20+,21+,22+,26+/m1/s1","RCEGRHOAYJTPPY-XTXIHYAPSA-N","CC(C)CC(C(=O)NC(CC1CCNC1=O)C(O)S(=O)(=O)O)NC(=O)OCC2CCC(=O)N2CC3CC4CCC3C4"
,"D, F","A, B","A1AGM","C27 H44 N4 O9 S",600.725,"(1R,2S)-2-{[N-({[(2S)-1-{[(1S,2S,4R)-bicyclo[2.2.1]heptan-2-yl]methyl}-5-oxopyrrolidin-2-yl]methoxy}carbonyl)-L-leucyl]amino}-1-hydroxy-3-[(3S)-2-oxopyrrolidin-3-yl]propane-1-sulfonic acid","InChI=1S/C27H44N4O9S/c1-15(2)9-21(25(34)29-22(26(35)41(37,38)39)12-18-7-8-28-24(18)33)30-27(36)40-14-20-5-6-23(32)31(20)13-19-11-16-3-4-17(19)10-16/h15-22,26,35H,3-14H2,1-2H3,(H,28,33)(H,29,34)(H,30,36)(H,37,38,39)/t16-,17+,18+,19-,20+,21+,22+,26-/m1/s1","RCEGRHOAYJTPPY-AQOOIRESSA-N","CC(C)CC(C(=O)NC(CC1CCNC1=O)C(O)S(=O)(=O)O)NC(=O)OCC2CCC(=O)N2CC3CC4CCC3C4"
"9ATF_1","B","A","A1AGP","C26 H42 F2 N4 O9 S",624.695,"(1S,2S)-2-({N-[({(2S)-1-[(4,4-difluorocyclohexyl)methyl]-5-oxopyrrolidin-2-yl}methoxy)carbonyl]-L-leucyl}amino)-1-hydroxy-3-[(3S)-2-oxopyrrolidin-3-yl]propane-1-sulfonic acid","InChI=1S/C26H42F2N4O9S/c1-15(2)11-19(23(35)30-20(24(36)42(38,39)40)12-17-7-10-29-22(17)34)31-25(37)41-14-18-3-4-21(33)32(18)13-16-5-8-26(27,28)9-6-16/h15-20,24,36H,3-14H2,1-2H3,(H,29,34)(H,30,35)(H,31,37)(H,38,39,40)/t17-,18-,19-,20-,24-/m0/s1","RHYSFFXFVGVALZ-HPGFDKJQSA-N","CC(C)CC(C(=O)NC(CC1CCNC1=O)C(O)S(=O)(=O)O)NC(=O)OCC2CCC(=O)N2CC3CCC(CC3)(F)F"
,"C","A","A1AGO","C26 H42 F2 N4 O9 S",624.695,"(1R,2S)-2-({N-[({(2S)-1-[(4,4-difluorocyclohexyl)methyl]-5-oxopyrrolidin-2-yl}methoxy)carbonyl]-L-leucyl}amino)-1-hydroxy-3-[(3S)-2-oxopyrrolidin-3-yl]propane-1-sulfonic acid","InChI=1S/C26H42F2N4O9S/c1-15(2)11-19(23(35)30-20(24(36)42(38,39)40)12-17-7-10-29-22(17)34)31-25(37)41-14-18-3-4-21(33)32(18)13-16-5-8-26(27,28)9-6-16/h15-20,24,36H,3-14H2,1-2H3,(H,29,34)(H,30,35)(H,31,37)(H,38,39,40)/t17-,18-,19-,20-,24+/m0/s1","RHYSFFXFVGVALZ-JZBNULMRSA-N","CC(C)CC(C(=O)NC(CC1CCNC1=O)C(O)S(=O)(=O)O)NC(=O)OCC2CCC(=O)N2CC3CCC(CC3)(F)F"
"9ATG_1","B","A","A1AGT","C27 H36 F2 N4 O11 S",662.657,"(1S,2S)-2-({N-[({(2S)-1-[(2,2-difluoro-2H-1,3-benzodioxol-5-yl)methyl]-5-oxopyrrolidin-2-yl}methoxy)carbonyl]-L-leucyl}amino)-1-hydroxy-3-[(3S)-2-oxopyrrolidin-3-yl]propane-1-sulfonic acid","InChI=1S/C27H36F2N4O11S/c1-14(2)9-18(24(36)31-19(25(37)45(39,40)41)11-16-7-8-30-23(16)35)32-26(38)42-13-17-4-6-22(34)33(17)12-15-3-5-20-21(10-15)44-27(28,29)43-20/h3,5,10,14,16-19,25,37H,4,6-9,11-13H2,1-2H3,(H,30,35)(H,31,36)(H,32,38)(H,39,40,41)/t16-,17-,18-,19-,25-/m0/s1","ITFVOMQMGITEDI-ODZAAPRTSA-N","CC(C)CC(C(=O)NC(CC1CCNC1=O)C(O)S(=O)(=O)O)NC(=O)OCC2CCC(=O)N2Cc3ccc4c(c3)OC(O4)(F)F"
,"C","A","A1AGS","C27 H36 F2 N4 O11 S",662.657,"(1R,2S)-2-({N-[({(2S)-1-[(2,2-difluoro-2H-1,3-benzodioxol-5-yl)methyl]-5-oxopyrrolidin-2-yl}methoxy)carbonyl]-L-leucyl}amino)-1-hydroxy-3-[(3S)-2-oxopyrrolidin-3-yl]propane-1-sulfonic acid","InChI=1S/C27H36F2N4O11S/c1-14(2)9-18(24(36)31-19(25(37)45(39,40)41)11-16-7-8-30-23(16)35)32-26(38)42-13-17-4-6-22(34)33(17)12-15-3-5-20-21(10-15)44-27(28,29)43-20/h3,5,10,14,16-19,25,37H,4,6-9,11-13H2,1-2H3,(H,30,35)(H,31,36)(H,32,38)(H,39,40,41)/t16-,17-,18-,19-,25+/m0/s1","ITFVOMQMGITEDI-WAMQXFNRSA-N","CC(C)CC(C(=O)NC(CC1CCNC1=O)C(O)S(=O)(=O)O)NC(=O)OCC2CCC(=O)N2Cc3ccc4c(c3)OC(O4)(F)F"
"9ATH_1","C, E","A, B","A1AGR","C27 H42 N4 O9 S",598.709,"(1S,2S)-2-{[N-({[(2S)-1-{[(1R,2S,4R)-bicyclo[2.2.1]hept-5-en-2-yl]methyl}-5-oxopyrrolidin-2-yl]methoxy}carbonyl)-L-leucyl]amino}-1-hydroxy-3-[(3S)-2-oxopyrrolidin-3-yl]propane-1-sulfonic acid","InChI=1S/C27H42N4O9S/c1-15(2)9-21(25(34)29-22(26(35)41(37,38)39)12-18-7-8-28-24(18)33)30-27(36)40-14-20-5-6-23(32)31(20)13-19-11-16-3-4-17(19)10-16/h3-4,15-22,26,35H,5-14H2,1-2H3,(H,28,33)(H,29,34)(H,30,36)(H,37,38,39)/t16-,17+,18+,19-,20+,21+,22+,26+/m1/s1","DZWIJESAJPXJIB-XTXIHYAPSA-N","CC(C)CC(C(=O)NC(CC1CCNC1=O)C(O)S(=O)(=O)O)NC(=O)OCC2CCC(=O)N2CC3CC4CC3C=C4"
,"D, F","A, B","A1AGQ","C27 H42 N4 O9 S",598.709,"(1R,2S)-2-{[N-({[(2S)-1-{[(1R,2S,4R)-bicyclo[2.2.1]hept-5-en-2-yl]methyl}-5-oxopyrrolidin-2-yl]methoxy}carbonyl)-L-leucyl]amino}-1-hydroxy-3-[(3S)-2-oxopyrrolidin-3-yl]propane-1-sulfonic acid","InChI=1S/C27H42N4O9S/c1-15(2)9-21(25(34)29-22(26(35)41(37,38)39)12-18-7-8-28-24(18)33)30-27(36)40-14-20-5-6-23(32)31(20)13-19-11-16-3-4-17(19)10-16/h3-4,15-22,26,35H,5-14H2,1-2H3,(H,28,33)(H,29,34)(H,30,36)(H,37,38,39)/t16-,17+,18+,19-,20+,21+,22+,26-/m1/s1","DZWIJESAJPXJIB-AQOOIRESSA-N","CC(C)CC(C(=O)NC(CC1CCNC1=O)C(O)S(=O)(=O)O)NC(=O)OCC2CCC(=O)N2CC3CC4CC3C=C4"
"9ATI_1","B","A","A1AGV","C27 H42 N4 O9 S",598.709,"(1S,2S)-2-{[N-({[(3S)-1-{[(1R,2R,4R)-bicyclo[2.2.1]hept-5-en-2-yl]methyl}-5-oxopyrrolidin-3-yl]methoxy}carbonyl)-L-leucyl]amino}-1-hydroxy-3-[(3S)-2-oxopyrrolidin-3-yl]propane-1-sulfonic acid","InChI=1S/C27H42N4O9S/c1-15(2)7-21(25(34)29-22(26(35)41(37,38)39)11-19-5-6-28-24(19)33)30-27(36)40-14-17-10-23(32)31(12-17)13-20-9-16-3-4-18(20)8-16/h3-4,15-22,26,35H,5-14H2,1-2H3,(H,28,33)(H,29,34)(H,30,36)(H,37,38,39)/t16-,17+,18+,19+,20+,21+,22+,26+/m1/s1","QOJHUOHZVTVTCS-MHJVTTCDSA-N","CC(C)CC(C(=O)NC(CC1CCNC1=O)C(O)S(=O)(=O)O)NC(=O)OCC2CC(=O)N(C2)CC3CC4CC3C=C4"
,"C","A","A1AGU","C27 H42 N4 O9 S",598.709,"(1R,2S)-2-{[N-({[(3S)-1-{[(1R,2R,4R)-bicyclo[2.2.1]hept-5-en-2-yl]methyl}-5-oxopyrrolidin-3-yl]methoxy}carbonyl)-L-leucyl]amino}-1-hydroxy-3-[(3S)-2-oxopyrrolidin-3-yl]propane-1-sulfonic acid","InChI=1S/C27H42N4O9S/c1-15(2)7-21(25(34)29-22(26(35)41(37,38)39)11-19-5-6-28-24(19)33)30-27(36)40-14-17-10-23(32)31(12-17)13-20-9-16-3-4-18(20)8-16/h3-4,15-22,26,35H,5-14H2,1-2H3,(H,28,33)(H,29,34)(H,30,36)(H,37,38,39)/t16-,17+,18+,19+,20+,21+,22+,26-/m1/s1","QOJHUOHZVTVTCS-NWOQJEOISA-N","CC(C)CC(C(=O)NC(CC1CCNC1=O)C(O)S(=O)(=O)O)NC(=O)OCC2CC(=O)N(C2)CC3CC4CC3C=C4"
"9ATJ_1","B","A","MG","Mg",24.305,"MAGNESIUM ION","InChI=1S/Mg/q+2","JLVVSXFLKOJNIY-UHFFFAOYSA-N","[Mg+2]"
,"C","A","A1AGJ","C26 H37 Cl N4 O9 S",617.111,"(1S,2S)-2-({N-[({(2S)-1-[(3-chlorophenyl)methyl]-5-oxopyrrolidin-2-yl}methoxy)carbonyl]-L-leucyl}amino)-1-hydroxy-3-[(3S)-2-oxopyrrolidin-3-yl]propane-1-sulfonic acid","InChI=1S/C26H37ClN4O9S/c1-15(2)10-20(24(34)29-21(25(35)41(37,38)39)12-17-8-9-28-23(17)33)30-26(36)40-14-19-6-7-22(32)31(19)13-16-4-3-5-18(27)11-16/h3-5,11,15,17,19-21,25,35H,6-10,12-14H2,1-2H3,(H,28,33)(H,29,34)(H,30,36)(H,37,38,39)/t17-,19-,20-,21-,25-/m0/s1","JNJYSDKMQGAPIR-BEGIFEFTSA-N","CC(C)CC(C(=O)NC(CC1CCNC1=O)C(O)S(=O)(=O)O)NC(=O)OCC2CCC(=O)N2Cc3cccc(c3)Cl"
,"D","A","A1AGI","C26 H37 Cl N4 O9 S",617.111,"(1R,2S)-2-({N-[({(2S)-1-[(3-chlorophenyl)methyl]-5-oxopyrrolidin-2-yl}methoxy)carbonyl]-L-leucyl}amino)-1-hydroxy-3-[(3S)-2-oxopyrrolidin-3-yl]propane-1-sulfonic acid","InChI=1S/C26H37ClN4O9S/c1-15(2)10-20(24(34)29-21(25(35)41(37,38)39)12-17-8-9-28-23(17)33)30-26(36)40-14-19-6-7-22(32)31(19)13-16-4-3-5-18(27)11-16/h3-5,11,15,17,19-21,25,35H,6-10,12-14H2,1-2H3,(H,28,33)(H,29,34)(H,30,36)(H,37,38,39)/t17-,19-,20-,21-,25+/m0/s1","JNJYSDKMQGAPIR-SCILSMOKSA-N","CC(C)CC(C(=O)NC(CC1CCNC1=O)C(O)S(=O)(=O)O)NC(=O)OCC2CCC(=O)N2Cc3cccc(c3)Cl"
"9ATS_1","B","A","A1AGX","C26 H44 N4 O9 S",588.714,"(1S,2S)-2-{[N-({[(2S)-1-(cyclohexylmethyl)-5-oxopyrrolidin-2-yl]methoxy}carbonyl)-L-leucyl]amino}-1-hydroxy-3-[(3S)-2-oxopyrrolidin-3-yl]propane-1-sulfonic acid","InChI=1S/C26H44N4O9S/c1-16(2)12-20(24(33)28-21(25(34)40(36,37)38)13-18-10-11-27-23(18)32)29-26(35)39-15-19-8-9-22(31)30(19)14-17-6-4-3-5-7-17/h16-21,25,34H,3-15H2,1-2H3,(H,27,32)(H,28,33)(H,29,35)(H,36,37,38)/t18-,19-,20-,21-,25-/m0/s1","UDXIYOCRUKPXES-SQDATOHTSA-N","CC(C)CC(C(=O)NC(CC1CCNC1=O)C(O)S(=O)(=O)O)NC(=O)OCC2CCC(=O)N2CC3CCCCC3","Y"
"9ATT_1","C, E","A, B","A1AGZ","C26 H44 N4 O9 S",588.714,"(1S,2S)-2-{[N-({[(2R)-1-(cyclohexylmethyl)-5-oxopyrrolidin-2-yl]methoxy}carbonyl)-L-leucyl]amino}-1-hydroxy-3-[(3S)-2-oxopyrrolidin-3-yl]propane-1-sulfonic acid","InChI=1S/C26H44N4O9S/c1-16(2)12-20(24(33)28-21(25(34)40(36,37)38)13-18-10-11-27-23(18)32)29-26(35)39-15-19-8-9-22(31)30(19)14-17-6-4-3-5-7-17/h16-21,25,34H,3-15H2,1-2H3,(H,27,32)(H,28,33)(H,29,35)(H,36,37,38)/t18-,19+,20-,21-,25-/m0/s1","UDXIYOCRUKPXES-YKUDZUIHSA-N","CC(C)CC(C(=O)NC(CC1CCNC1=O)C(O)S(=O)(=O)O)NC(=O)OCC2CCC(=O)N2CC3CCCCC3"
,"D, F","A, B","A1AGY","C26 H44 N4 O9 S",588.714,"(1R,2S)-2-{[N-({[(2R)-1-(cyclohexylmethyl)-5-oxopyrrolidin-2-yl]methoxy}carbonyl)-L-leucyl]amino}-1-hydroxy-3-[(3S)-2-oxopyrrolidin-3-yl]propane-1-sulfonic acid","InChI=1S/C26H44N4O9S/c1-16(2)12-20(24(33)28-21(25(34)40(36,37)38)13-18-10-11-27-23(18)32)29-26(35)39-15-19-8-9-22(31)30(19)14-17-6-4-3-5-7-17/h16-21,25,34H,3-15H2,1-2H3,(H,27,32)(H,28,33)(H,29,35)(H,36,37,38)/t18-,19+,20-,21-,25+/m0/s1","UDXIYOCRUKPXES-QQQKFWQGSA-N","CC(C)CC(C(=O)NC(CC1CCNC1=O)C(O)S(=O)(=O)O)NC(=O)OCC2CCC(=O)N2CC3CCCCC3"
"9BOO_1","B","A","YDL","C21 H32 F3 N5 O5",491.504,"N-(methoxycarbonyl)-3-methyl-L-valyl-(4R)-N-{(1Z,2S)-1-imino-3-[(3S)-2-oxopyrrolidin-3-yl]propan-2-yl}-4-(trifluoromethyl)-L-prolinamide","InChI=1S/C21H32F3N5O5/c1-20(2,3)15(28-19(33)34-4)18(32)29-10-12(21(22,23)24)8-14(29)17(31)27-13(9-25)7-11-5-6-26-16(11)30/h9,11-15,25H,5-8,10H2,1-4H3,(H,26,30)(H,27,31)(H,28,33)/t11-,12+,13-,14-,15+/m0/s1","DTVPKRIYQXLPLE-AIEDFZFUSA-N","CC(C)(C)C(C(=O)N1CC(CC1C(=O)NC(CC2CCNC2=O)C=N)C(F)(F)F)NC(=O)OC","Y"
"7D3C_1"
"4WMD_1","D, F, I","A, B, C","PEG","C4 H10 O3",106.12,"DI(HYDROXYETHYL)ETHER","InChI=1S/C4H10O3/c5-1-3-7-4-2-6/h5-6H,1-4H2","MTHSVFCYNBDYFN-UHFFFAOYSA-N","C(COCCO)O"
,"E, J","A, C","PGE","C6 H14 O4",150.173,"TRIETHYLENE GLYCOL","InChI=1S/C6H14O4/c7-1-3-9-5-6-10-4-2-8/h7-8H,1-6H2","ZIBGPFATKBEMQZ-UHFFFAOYSA-N","C(COCCOCCO)O"
,"G","B","PG4","C8 H18 O5",194.226,"TETRAETHYLENE GLYCOL","InChI=1S/C8H18O5/c9-1-3-11-5-7-13-8-6-12-4-2-10/h9-10H,1-8H2","UWHCKJMYHZGTIT-UHFFFAOYSA-N","C(COCCOCCOCCO)O"
,"H","C","1PE","C10 H22 O6",238.278,"PENTAETHYLENE GLYCOL","InChI=1S/C10H22O6/c11-1-3-13-5-7-15-9-10-16-8-6-14-4-2-12/h11-12H,1-10H2","JLFNLZLINWHATN-UHFFFAOYSA-N","C(COCCOCCOCCOCCO)O"
"4WME_1","E, F, G, H, I, J, K, L, M, N, O, P, Q, R, S, T, U, V","A, B, C, D","EDO","C2 H6 O2",62.068,"1,2-ETHANEDIOL","InChI=1S/C2H6O2/c3-1-2-4/h3-4H,1-2H2","LYCAIKOWRPUZTN-UHFFFAOYSA-N","C(CO)O"
"4WMF_1","D, E, F, I, J, M","A, B, C","PEG","C4 H10 O3",106.12,"DI(HYDROXYETHYL)ETHER","InChI=1S/C4H10O3/c5-1-3-7-4-2-6/h5-6H,1-4H2","MTHSVFCYNBDYFN-UHFFFAOYSA-N","C(COCCO)O"
,"G, H, K, L, N","B, C","PG4","C8 H18 O5",194.226,"TETRAETHYLENE GLYCOL","InChI=1S/C8H18O5/c9-1-3-11-5-7-13-8-6-12-4-2-10/h9-10H,1-8H2","UWHCKJMYHZGTIT-UHFFFAOYSA-N","C(COCCOCCOCCO)O"
"7DR8_1"
"7DR9_1"
"7DRA_1"
"8E7T_1","E, F, G, H, L, M, N, O, P","A, B, C","GOL","C3 H8 O3",92.094,"GLYCEROL","InChI=1S/C3H8O3/c4-1-3(6)2-5/h3-6H,1-2H2","PEDCQBHIVMGVHV-UHFFFAOYSA-N","C(C(CO)O)O","Y"
,"I, J, K, Q, R","B, C, D","NA","Na",22.99,"SODIUM ION","InChI=1S/Na/q+1","FKNQFGJONOIPTF-UHFFFAOYSA-N","[Na+]","Y"
"8IG6_1","C, D","A, B","UED","C21 H31 N3 O5",405.488,"N~2~-[(benzyloxy)carbonyl]-N-{(2S)-1-hydroxy-3-[(3S)-2-oxopyrrolidin-3-yl]propan-2-yl}-L-leucinamide","InChI=1S/C21H31N3O5/c1-14(2)10-18(24-21(28)29-13-15-6-4-3-5-7-15)20(27)23-17(12-25)11-16-8-9-22-19(16)26/h3-7,14,16-18,25H,8-13H2,1-2H3,(H,22,26)(H,23,27)(H,24,28)/t16-,17-,18-/m0/s1","JUCVXDDMQHPCKT-BZSNNMDCSA-N","CC(C)CC(C(=O)NC(CC1CCNC1=O)CO)NC(=O)OCc2ccccc2","Y"
"7VTC_1","C","A","4WI","C23 H34 F3 N5 O4",501.542,"(1R,2S,5S)-N-{(1E,2S)-1-imino-3-[(3S)-2-oxopyrrolidin-3-yl]propan-2-yl}-6,6-dimethyl-3-[3-methyl-N-(trifluoroacetyl)-L-valyl]-3-azabicyclo[3.1.0]hexane-2-carboxamide","InChI=1S/C23H34F3N5O4/c1-21(2,3)16(30-20(35)23(24,25)26)19(34)31-10-13-14(22(13,4)5)15(31)18(33)29-12(9-27)8-11-6-7-28-17(11)32/h9,11-16,27H,6-8,10H2,1-5H3,(H,28,32)(H,29,33)(H,30,35)/b27-9+/t11-,12-,13-,14-,15-,16+/m0/s1","WDVIRQQKRMIXGS-XIFHJVQQSA-N","CC1(C2C1C(N(C2)C(=O)C(C(C)(C)C)NC(=O)C(F)(F)F)C(=O)NC(CC3CCNC3=O)C=N)C","Y"
"7XRY_1","C, D","A, B","HUR","C30 H33 N5 O5 S",575.679,"N-[(2S)-1-[[(2S)-1-(1,3-benzothiazol-2-yl)-1-oxidanylidene-3-[(3S)-2-oxidanylidenepyrrolidin-3-yl]propan-2-yl]amino]-4-methyl-1-oxidanylidene-pentan-2-yl]-4-methoxy-1H-indole-2-carboxamide","InChI=1S/C30H33N5O5S/c1-16(2)13-22(34-29(39)23-15-18-19(32-23)8-6-9-24(18)40-3)28(38)33-21(14-17-11-12-31-27(17)37)26(36)30-35-20-7-4-5-10-25(20)41-30/h4-10,15-17,21-22,32H,11-14H2,1-3H3,(H,31,37)(H,33,38)(H,34,39)/t17-,21-,22-/m0/s1","JBLLRCOZJMVOAE-HSQYWUDLSA-N","CC(C)CC(C(=O)NC(CC1CCNC1=O)C(=O)c2nc3ccccc3s2)NC(=O)c4cc5c([nH]4)cccc5OC","Y"
"7WQJ_1","C","A","80I","C24 H33 N4 O9 P",552.514,"[(3~{S})-3-[[(2~{S})-2-[(4-methoxy-1~{H}-indol-2-yl)carbonylamino]-4-methyl-pentanoyl]amino]-2-oxidanylidene-4-[(3~{R})-2-oxidanylidene-3,4-dihydropyrrol-3-yl]butyl] dihydrogen phosphate","InChI=1S/C24H33N4O9P/c1-13(2)9-18(28-24(32)19-11-15-16(26-19)5-4-6-21(15)36-3)23(31)27-17(10-14-7-8-25-22(14)30)20(29)12-37-38(33,34)35/h4-6,11,13-14,17-18,26H,7-10,12H2,1-3H3,(H,25,30)(H,27,31)(H,28,32)(H2,33,34,35)/t14-,17-,18-/m0/s1","FQKALOFOWPDTED-WBAXXEDZSA-N","CC(C)CC(C(=O)NC(CC1CCNC1=O)C(=O)COP(=O)(O)O)NC(=O)c2cc3c([nH]2)cccc3OC","Y"
"8J34_1","C, D","A, B","V2M","C24 H34 N4 O6",474.55,"N-[(2S)-1-({(2S,3S)-3,4-dihydroxy-1-[(3S)-2-oxopyrrolidin-3-yl]butan-2-yl}amino)-4-methyl-1-oxopentan-2-yl]-4-methoxy-1H-indole-2-carboxamide","InChI=1S/C24H34N4O6/c1-13(2)9-18(23(32)27-17(20(30)12-29)10-14-7-8-25-22(14)31)28-24(33)19-11-15-16(26-19)5-4-6-21(15)34-3/h4-6,11,13-14,17-18,20,26,29-30H,7-10,12H2,1-3H3,(H,25,31)(H,27,32)(H,28,33)/t14-,17-,18-,20+/m0/s1","FDQSUXUTXIGUIA-PRIDNEQBSA-N","CC(C)CC(C(=O)NC(CC1CCNC1=O)C(CO)O)NC(=O)c2cc3c([nH]2)cccc3OC","Y"
"8HUT_1","C, D","A, B","7YY","C22 H17 Cl F3 N9 O2",531.878,"6-[(6-chloranyl-2-methyl-indazol-5-yl)amino]-3-[(1-methyl-1,2,4-triazol-3-yl)methyl]-1-[[2,4,5-tris(fluoranyl)phenyl]methyl]-1,3,5-triazine-2,4-dione","InChI=1S/C22H17ClF3N9O2/c1-32-7-12-4-18(13(23)5-17(12)30-32)28-20-29-21(36)35(9-19-27-10-33(2)31-19)22(37)34(20)8-11-3-15(25)16(26)6-14(11)24/h3-7,10H,8-9H2,1-2H3,(H,28,29,36)","QMPBBNUOBOFBFS-UHFFFAOYSA-N","Cn1cc2cc(c(cc2n1)Cl)NC3=NC(=O)N(C(=O)N3Cc4cc(c(cc4F)F)F)Cc5ncn(n5)C","Y"
"8YKL_1","C, D","A, B","X77","C27 H33 N5 O2",459.583,"N-(4-tert-butylphenyl)-N-[(1R)-2-(cyclohexylamino)-2-oxo-1-(pyridin-3-yl)ethyl]-1H-imidazole-4-carboxamide","InChI=1S/C27H33N5O2/c1-27(2,3)20-11-13-22(14-12-20)32(26(34)23-17-29-18-30-23)24(19-8-7-15-28-16-19)25(33)31-21-9-5-4-6-10-21/h7-8,11-18,21,24H,4-6,9-10H2,1-3H3,(H,29,30)(H,31,33)/t24-/m1/s1","MUNFBYOTGGMQOS-XMMPIXPASA-N","CC(C)(C)c1ccc(cc1)N(C(c2cccnc2)C(=O)NC3CCCCC3)C(=O)c4c[nH]cn4","Y"
